Skill,Description
"Manage CRM systems and customer data using Salesforce, HubSpot, and Zoho CRM.","Specialize in optimizing CRM workflows, ensuring seamless customer interactions, and maintaining data integrity using advanced CRM platforms like Salesforce, HubSpot, and Zoho CRM."
"Build and train machine learning models using Python, TensorFlow, and scikit-learn.",Develop and deploy sophisticated machine learning models leveraging Python's robust libraries such as TensorFlow and scikit-learn to drive predictive analytics and automation.
"Develop artificial intelligence models and systems using Python, Keras, and PyTorch.","Engineer AI systems utilizing Python's deep learning frameworks, including Keras and PyTorch, to create intelligent solutions that can learn and adapt."
Provide HR consultancy and recruitment services using industry best practices.,"Offer comprehensive HR solutions, from talent acquisition to employee management, ensuring alignment with industry standards and best practices for optimal workforce efficiency."
"Design user interfaces and experiences using tools like Figma, Sketch, and Adobe XD.","Craft intuitive and engaging user interfaces with a focus on usability and aesthetics, using industry-leading design tools like Figma, Sketch, and Adobe XD."
"Develop and maintain video games using Unity, Unreal Engine, and C#.","Create immersive gaming experiences by developing and maintaining video games with Unity and Unreal Engine, employing C# for scripting and game logic."
"Analyze data using Python, R, and SQL to provide actionable business insights.","Leverage Python, R, and SQL for comprehensive data analysis, enabling data-driven decisions through detailed reporting and actionable business insights."
"Develop software applications across various platforms using C++, Java, and Python.","Engineer cross-platform software solutions with C++, Java, and Python, ensuring high performance and compatibility across different operating systems."
Write technical documentation for products and services using clear and concise language.,"Create comprehensive and user-friendly technical documentation, ensuring clarity and accuracy in describing product features, functionalities, and troubleshooting steps."
Generate leads for businesses through research and outreach using LinkedIn and email marketing.,"Employ LinkedIn and targeted email campaigns to identify and cultivate high-quality business leads, driving sales and partnership opportunities."
"Develop frontend components of web applications using HTML, CSS, and JavaScript.","Construct responsive and dynamic web interfaces using HTML, CSS, and JavaScript, enhancing user experience with interactive and visually appealing designs."
Create stunning graphics for digital and print media using Adobe Photoshop and Illustrator.,"Design visually captivating graphics for various media platforms, utilizing Adobe Photoshop and Illustrator to produce high-quality digital and print content."
"Provide voice-over services for videos, advertisements, and audiobooks.","Deliver professional voice-over services with clear articulation and tone, enhancing video content, advertisements, and audiobooks with compelling narration."
"Write high-quality SEO-friendly content for blogs, articles, and websites.","Craft well-researched, engaging content optimized for search engines, driving traffic and boosting online visibility through strategic SEO practices."
Provide marketing strategies and consultancy services to improve brand visibility.,Consult on and develop comprehensive marketing strategies aimed at enhancing brand recognition and customer engagement across various platforms.
"Test software applications for bugs and issues using Selenium, JUnit, and TestNG.","Ensure software quality through rigorous testing, identifying and resolving bugs using automation tools like Selenium, JUnit, and TestNG."
Develop augmented reality and virtual reality applications using Unity and Unreal Engine.,"Create immersive AR/VR experiences by developing applications with Unity and Unreal Engine, pushing the boundaries of interactive digital environments."
Sell products and services to customers using CRM tools and sales techniques.,"Leverage CRM platforms and sales strategies to effectively manage customer relationships, drive sales, and enhance customer satisfaction."
Optimize websites for search engines using advanced SEO tools and techniques.,"Improve website rankings and visibility by implementing advanced SEO strategies, utilizing tools like Google Analytics, Ahrefs, and SEMrush."
Plan and execute email marketing campaigns using platforms like Mailchimp and SendGrid.,"Design and manage targeted email campaigns with Mailchimp and SendGrid, increasing customer engagement and conversion rates through personalized content."
Capture and edit photographs for clients using professional photography equipment.,"Provide high-quality photography services, capturing stunning visuals and delivering expertly edited images using advanced photo editing tools."
"Implement and manage DevOps pipelines using Docker, Kubernetes, and Jenkins.","Streamline development processes by setting up and managing CI/CD pipelines with Docker, Kubernetes, and Jenkins, ensuring efficient and scalable software delivery."
Design motion graphics for videos and advertisements using Adobe After Effects and Cinema 4D.,"Create dynamic and visually engaging motion graphics using Adobe After Effects and Cinema 4D, enhancing the visual appeal of video content and advertisements."
"Develop mobile applications for iOS and Android using Swift, Kotlin, and React Native.","Build cross-platform mobile apps for iOS and Android, leveraging Swift, Kotlin, and React Native to deliver seamless and responsive user experiences."
"Design and implement cloud architecture solutions using AWS, Azure, and Google Cloud.","Architect scalable and secure cloud solutions with AWS, Azure, and Google Cloud, optimizing infrastructure for performance, reliability, and cost-efficiency."
"Manage eCommerce platforms and online stores using Shopify, WooCommerce, and Magento.","Oversee the operation of eCommerce platforms like Shopify, WooCommerce, and Magento, ensuring smooth transactions, inventory management, and customer satisfaction."
Provide customer support through various channels and manage CRM software.,Deliver exceptional customer service by managing support requests across multiple channels and maintaining customer data in CRM systems.
"Design and develop websites using modern frameworks such as React, Angular, and Vue.","Create responsive, high-performance websites using modern JavaScript frameworks like React, Angular, and Vue, focusing on user experience and functionality."
"Develop backend services and APIs using Python, Ruby on Rails, and Java.","Build robust backend systems and APIs with Python, Ruby on Rails, and Java, ensuring seamless data exchange and server-side operations."
"Develop full-stack web applications using Node.js, Express, and MongoDB.","Engineer full-stack web solutions using Node.js, Express, and MongoDB, creating scalable and efficient applications from frontend to backend."
Develop and maintain blockchain-based applications using Solidity and Ethereum.,"Create decentralized applications and smart contracts using Solidity and the Ethereum blockchain, pioneering innovation in the decentralized finance space."
"Create and execute digital marketing strategies using SEO, PPC, and social media marketing.","Drive online presence and customer engagement by crafting and executing digital marketing campaigns, utilizing SEO, PPC, and social media platforms."
"Provide legal advice and consultancy services on contracts, trademarks, and compliance.","Offer expert legal counsel on contracts, trademarks, and regulatory compliance, helping businesses navigate complex legal landscapes with confidence."
Analyze business processes and suggest improvements using Six Sigma methodologies.,"Enhance operational efficiency by analyzing business processes and recommending improvements, leveraging Six Sigma techniques for continuous improvement."
Write compelling copy for marketing materials and websites using persuasive language.,"Craft persuasive and engaging copy for marketing materials, ensuring clear messaging and a strong brand voice that resonates with target audiences."
"Analyze large datasets to extract insights using SQL, Python, and R.","Conduct in-depth data analysis on large datasets using SQL, Python, and R, providing insights that drive strategic decision-making."
"Create 3D models for games, movies, and advertisements using Blender, Maya, and 3ds Max.","Design and animate realistic 3D models for various media, utilizing Blender, Maya, and 3ds Max to bring creative visions to life."
"Manage social media profiles and create engaging content for platforms like Instagram, Facebook, and LinkedIn.","Develop and execute social media strategies that increase follower engagement, brand awareness, and lead generation across platforms like Instagram, Facebook, and LinkedIn."
Transcribe audio and video content into written form with high accuracy.,"Convert audio and video recordings into text with meticulous attention to detail, ensuring accuracy and readability for transcripts."
Enter data into databases and systems with high accuracy and attention to detail.,"Perform precise data entry tasks, ensuring data integrity and accuracy in various databases and information systems."
